"filename", "language", "JSON with Comments", "JSON", "TypeScript", "Markdown", "JavaScript", "TypeScript JSX", "Dotenv", "comment", "blank", "total"
"c:\Users\eroro\Documents\TOKATECH\APPMVL\legendlore\.env", "Dotenv", 0, 0, 0, 0, 0, 0, 7, 0, 2, 9
"c:\Users\eroro\Documents\TOKATECH\APPMVL\legendlore\App.js", "JavaScript", 0, 0, 0, 0, 37, 0, 0, 1, 10, 48
"c:\Users\eroro\Documents\TOKATECH\APPMVL\legendlore\README.md", "Markdown", 0, 0, 0, 14, 0, 0, 0, 0, 13, 27
"c:\Users\eroro\Documents\TOKATECH\APPMVL\legendlore\app.json", "JSON with Comments", 16, 0, 0, 0, 0, 0, 0, 0, 1, 17
"c:\Users\eroro\Documents\TOKATECH\APPMVL\legendlore\app\(tabs)\_layout.tsx", "TypeScript JSX", 0, 0, 0, 0, 0, 32, 0, 0, 4, 36
"c:\Users\eroro\Documents\TOKATECH\APPMVL\legendlore\app\(tabs)\explore.tsx", "TypeScript JSX", 0, 0, 0, 0, 0, 109, 0, 0, 4, 113
"c:\Users\eroro\Documents\TOKATECH\APPMVL\legendlore\app\(tabs)\index.tsx", "TypeScript JSX", 0, 0, 0, 0, 0, 94, 0, 0, 5, 99
"c:\Users\eroro\Documents\TOKATECH\APPMVL\legendlore\app\MyNav.js", "JavaScript", 0, 0, 0, 0, 107, 0, 0, 12, 16, 135
"c:\Users\eroro\Documents\TOKATECH\APPMVL\legendlore\app\_layout.tsx", "TypeScript JSX", 0, 0, 0, 0, 0, 20, 0, 0, 5, 25
"c:\Users\eroro\Documents\TOKATECH\APPMVL\legendlore\app\backend.js", "JavaScript", 0, 0, 0, 0, 27, 0, 0, 3, 9, 39
"c:\Users\eroro\Documents\TOKATECH\APPMVL\legendlore\app\config\api.js", "JavaScript", 0, 0, 0, 0, 13, 0, 0, 0, 6, 19
"c:\Users\eroro\Documents\TOKATECH\APPMVL\legendlore\app\config\db.js", "JavaScript", 0, 0, 0, 0, 9, 0, 0, 0, 2, 11
"c:\Users\eroro\Documents\TOKATECH\APPMVL\legendlore\app\config\init-db.js", "JavaScript", 0, 0, 0, 0, 19, 0, 0, 0, 4, 23
"c:\Users\eroro\Documents\TOKATECH\APPMVL\legendlore\app\context\AuthContext.js", "JavaScript", 0, 0, 0, 0, 81, 0, 0, 0, 29, 110
"c:\Users\eroro\Documents\TOKATECH\APPMVL\legendlore\app\controllers\auth.controller.js", "JavaScript", 0, 0, 0, 0, 108, 0, 0, 0, 23, 131
"c:\Users\eroro\Documents\TOKATECH\APPMVL\legendlore\app\controllers\profile.controller.js", "JavaScript", 0, 0, 0, 0, 53, 0, 0, 0, 9, 62
"c:\Users\eroro\Documents\TOKATECH\APPMVL\legendlore\app\middleware\auth.middleware.js", "JavaScript", 0, 0, 0, 0, 29, 0, 0, 0, 14, 43
"c:\Users\eroro\Documents\TOKATECH\APPMVL\legendlore\app\modal.tsx", "TypeScript JSX", 0, 0, 0, 0, 0, 26, 0, 0, 4, 30
"c:\Users\eroro\Documents\TOKATECH\APPMVL\legendlore\app\models\profile.model.js", "JavaScript", 0, 0, 0, 0, 77, 0, 0, 0, 5, 82
"c:\Users\eroro\Documents\TOKATECH\APPMVL\legendlore\app\models\user.model.js", "JavaScript", 0, 0, 0, 0, 51, 0, 0, 0, 8, 59
"c:\Users\eroro\Documents\TOKATECH\APPMVL\legendlore\app\routes\auth.routes.js", "JavaScript", 0, 0, 0, 0, 24, 0, 0, 0, 6, 30
"c:\Users\eroro\Documents\TOKATECH\APPMVL\legendlore\app\routes\profile.routes.js", "JavaScript", 0, 0, 0, 0, 10, 0, 0, 0, 4, 14
"c:\Users\eroro\Documents\TOKATECH\APPMVL\legendlore\app\screen\ScreenHome.js", "JavaScript", 0, 0, 0, 0, 10, 0, 0, 0, 2, 12
"c:\Users\eroro\Documents\TOKATECH\APPMVL\legendlore\app\services\auth.service.js", "JavaScript", 0, 0, 0, 0, 58, 0, 0, 0, 15, 73
"c:\Users\eroro\Documents\TOKATECH\APPMVL\legendlore\app\tabs\about\ScreenAbout.js", "JavaScript", 0, 0, 0, 0, 9, 0, 0, 0, 2, 11
"c:\Users\eroro\Documents\TOKATECH\APPMVL\legendlore\app\tabs\account\ScreenEditProfile.js", "JavaScript", 0, 0, 0, 0, 181, 0, 0, 0, 11, 192
"c:\Users\eroro\Documents\TOKATECH\APPMVL\legendlore\app\tabs\account\ScreenLogin.js", "JavaScript", 0, 0, 0, 0, 184, 0, 0, 3, 40, 227
"c:\Users\eroro\Documents\TOKATECH\APPMVL\legendlore\app\tabs\account\ScreenSignUp.js", "JavaScript", 0, 0, 0, 0, 180, 0, 0, 3, 41, 224
"c:\Users\eroro\Documents\TOKATECH\APPMVL\legendlore\app\tabs\calculator\ScreenCalculator.js", "JavaScript", 0, 0, 0, 0, 174, 0, 0, 5, 34, 213
"c:\Users\eroro\Documents\TOKATECH\APPMVL\legendlore\app\tabs\home\ScreenHome.js", "JavaScript", 0, 0, 0, 0, 244, 0, 0, 0, 23, 267
"c:\Users\eroro\Documents\TOKATECH\APPMVL\legendlore\app\tabs\library\DetailLibrary.js", "JavaScript", 0, 0, 0, 0, 150, 0, 0, 0, 37, 187
"c:\Users\eroro\Documents\TOKATECH\APPMVL\legendlore\app\tabs\library\ScreenLibrary.js", "JavaScript", 0, 0, 0, 0, 187, 0, 0, 2, 41, 230
"c:\Users\eroro\Documents\TOKATECH\APPMVL\legendlore\app\tabs\routine\ScreenRoutine.js", "JavaScript", 0, 0, 0, 0, 86, 0, 0, 0, 19, 105
"c:\Users\eroro\Documents\TOKATECH\APPMVL\legendlore\app\utils\bcrypt.js", "JavaScript", 0, 0, 0, 0, 17, 0, 0, 0, 5, 22
"c:\Users\eroro\Documents\TOKATECH\APPMVL\legendlore\app\utils\jwt.js", "JavaScript", 0, 0, 0, 0, 16, 0, 0, 0, 4, 20
"c:\Users\eroro\Documents\TOKATECH\APPMVL\legendlore\constants\theme.ts", "TypeScript", 0, 0, 41, 0, 0, 0, 0, 8, 5, 54
"c:\Users\eroro\Documents\TOKATECH\APPMVL\legendlore\eas.json", "JSON with Comments", 21, 0, 0, 0, 0, 0, 0, 0, 1, 22
"c:\Users\eroro\Documents\TOKATECH\APPMVL\legendlore\eslint.config.js", "JavaScript", 0, 0, 0, 0, 8, 0, 0, 1, 2, 11
"c:\Users\eroro\Documents\TOKATECH\APPMVL\legendlore\hooks\use-color-scheme.ts", "TypeScript", 0, 0, 1, 0, 0, 0, 0, 0, 1, 2
"c:\Users\eroro\Documents\TOKATECH\APPMVL\legendlore\hooks\use-color-scheme.web.ts", "TypeScript", 0, 0, 13, 0, 0, 0, 0, 3, 6, 22
"c:\Users\eroro\Documents\TOKATECH\APPMVL\legendlore\hooks\use-theme-color.ts", "TypeScript", 0, 0, 14, 0, 0, 0, 0, 4, 4, 22
"c:\Users\eroro\Documents\TOKATECH\APPMVL\legendlore\index.js", "JavaScript", 0, 0, 0, 0, 3, 0, 0, 3, 3, 9
"c:\Users\eroro\Documents\TOKATECH\APPMVL\legendlore\metro.config.js", "JavaScript", 0, 0, 0, 0, 3, 0, 0, 2, 3, 8
"c:\Users\eroro\Documents\TOKATECH\APPMVL\legendlore\package-lock.json", "JSON", 0, 14803, 0, 0, 0, 0, 0, 0, 1, 14804
"c:\Users\eroro\Documents\TOKATECH\APPMVL\legendlore\package.json", "JSON", 0, 74, 0, 0, 0, 0, 0, 0, 1, 75
"c:\Users\eroro\Documents\TOKATECH\APPMVL\legendlore\scripts\reset-project.js", "JavaScript", 0, 0, 0, 0, 89, 0, 0, 10, 14, 113
"c:\Users\eroro\Documents\TOKATECH\APPMVL\legendlore\server.js", "JavaScript", 0, 0, 0, 0, 16, 0, 0, 0, 4, 20
"c:\Users\eroro\Documents\TOKATECH\APPMVL\legendlore\tsconfig.json", "JSON with Comments", 16, 0, 0, 0, 0, 0, 0, 0, 1, 17
"Total", "-", 53, 14877, 69, 14, 2260, 281, 7, 60, 503, 18124